frame,people_count,crowd_level
seq_000001.jpg,34,Ramai
seq_000001_result.jpg,32,Ramai
seq_000002.jpg,32,Ramai
seq_000003.jpg,37,Ramai
seq_000004.jpg,34,Ramai
seq_000005.jpg,27,Sedang
seq_000006.jpg,28,Sedang
seq_000007.jpg,30,Sedang
seq_000008.jpg,29,Sedang
seq_000009.jpg,29,Sedang
seq_000010.jpg,30,Sedang
seq_000011.jpg,33,Ramai
seq_000012.jpg,38,Ramai
seq_000013.jpg,40,Ramai
seq_000014.jpg,43,Ramai
seq_000015.jpg,39,Ramai
seq_000016.jpg,36,Ramai
seq_000017.jpg,39,Ramai
seq_000018.jpg,36,Ramai
seq_000019.jpg,34,Ramai
seq_000020.jpg,36,Ramai
seq_000021.jpg,38,Ramai
seq_000022.jpg,37,Ramai
seq_000023.jpg,40,Ramai
seq_000024.jpg,38,Ramai
seq_000025.jpg,36,Ramai
seq_000026.jpg,35,Ramai
seq_000027.jpg,37,Ramai
seq_000028.jpg,40,Ramai
seq_000029.jpg,37,Ramai
seq_000030.jpg,33,Ramai
seq_000031.jpg,39,Ramai
seq_000032.jpg,36,Ramai
seq_000033.jpg,38,Ramai
seq_000034.jpg,38,Ramai
seq_000035.jpg,31,Ramai
seq_000036.jpg,36,Ramai
seq_000037.jpg,34,Ramai
seq_000038.jpg,29,Sedang
seq_000039.jpg,32,Ramai
seq_000040.jpg,27,Sedang
seq_000041.jpg,26,Sedang
seq_000042.jpg,27,Sedang
seq_000043.jpg,25,Sedang
seq_000044.jpg,22,Sedang
seq_000045.jpg,22,Sedang
seq_000046.jpg,20,Sedang
seq_000047.jpg,16,Sedang
seq_000048.jpg,18,Sedang
seq_000049.jpg,17,Sedang
seq_000050.jpg,16,Sedang
seq_000051.jpg,17,Sedang
seq_000052.jpg,14,Sedang
seq_000053.jpg,14,Sedang
seq_000054.jpg,15,Sedang
seq_000055.jpg,17,Sedang
seq_000056.jpg,23,Sedang
seq_000057.jpg,22,Sedang
seq_000058.jpg,21,Sedang
seq_000059.jpg,19,Sedang
seq_000060.jpg,18,Sedang
seq_000061.jpg,23,Sedang
seq_000062.jpg,21,Sedang
seq_000063.jpg,22,Sedang
seq_000064.jpg,22,Sedang
seq_000065.jpg,24,Sedang
seq_000066.jpg,26,Sedang
seq_000067.jpg,24,Sedang
seq_000068.jpg,24,Sedang
seq_000069.jpg,21,Sedang
seq_000070.jpg,20,Sedang
seq_000071.jpg,25,Sedang
seq_000072.jpg,25,Sedang
seq_000073.jpg,27,Sedang
seq_000074.jpg,25,Sedang
seq_000075.jpg,22,Sedang
seq_000076.jpg,19,Sedang
seq_000077.jpg,17,Sedang
seq_000078.jpg,17,Sedang
seq_000079.jpg,18,Sedang
seq_000080.jpg,15,Sedang
seq_000081.jpg,14,Sedang
seq_000082.jpg,15,Sedang
seq_000083.jpg,15,Sedang
seq_000084.jpg,16,Sedang
seq_000085.jpg,15,Sedang
seq_000086.jpg,15,Sedang
seq_000087.jpg,15,Sedang
seq_000088.jpg,12,Sedang
seq_000089.jpg,13,Sedang
seq_000090.jpg,16,Sedang
seq_000091.jpg,19,Sedang
seq_000092.jpg,19,Sedang
seq_000093.jpg,16,Sedang
seq_000094.jpg,16,Sedang
seq_000095.jpg,20,Sedang
seq_000096.jpg,16,Sedang
seq_000097.jpg,23,Sedang
seq_000098.jpg,22,Sedang
seq_000099.jpg,30,Sedang
seq_000100.jpg,33,Ramai
seq_000101.jpg,30,Sedang
seq_000102.jpg,28,Sedang
seq_000103.jpg,32,Ramai
seq_000104.jpg,33,Ramai
seq_000105.jpg,28,Sedang
seq_000106.jpg,35,Ramai
seq_000107.jpg,31,Ramai
seq_000108.jpg,23,Sedang
seq_000109.jpg,23,Sedang
seq_000110.jpg,19,Sedang
seq_000111.jpg,24,Sedang
seq_000112.jpg,23,Sedang
seq_000113.jpg,23,Sedang
seq_000114.jpg,22,Sedang
seq_000115.jpg,23,Sedang
seq_000116.jpg,21,Sedang
seq_000117.jpg,25,Sedang
seq_000118.jpg,27,Sedang
seq_000119.jpg,26,Sedang
seq_000120.jpg,26,Sedang
seq_000121.jpg,25,Sedang
seq_000122.jpg,26,Sedang
seq_000123.jpg,23,Sedang
seq_000124.jpg,25,Sedang
seq_000125.jpg,25,Sedang
seq_000126.jpg,28,Sedang
seq_000127.jpg,34,Ramai
seq_000128.jpg,28,Sedang
seq_000129.jpg,28,Sedang
seq_000130.jpg,31,Ramai
seq_000131.jpg,29,Sedang
seq_000132.jpg,26,Sedang
seq_000133.jpg,28,Sedang
seq_000134.jpg,25,Sedang
seq_000135.jpg,27,Sedang
seq_000136.jpg,21,Sedang
seq_000137.jpg,26,Sedang
seq_000138.jpg,24,Sedang
seq_000139.jpg,27,Sedang
seq_000140.jpg,22,Sedang
seq_000141.jpg,21,Sedang
seq_000142.jpg,24,Sedang
seq_000143.jpg,24,Sedang
seq_000144.jpg,26,Sedang
seq_000145.jpg,20,Sedang
seq_000146.jpg,24,Sedang
seq_000147.jpg,20,Sedang
seq_000148.jpg,20,Sedang
seq_000149.jpg,22,Sedang
seq_000150.jpg,23,Sedang
seq_000151.jpg,20,Sedang
seq_000152.jpg,19,Sedang
seq_000153.jpg,19,Sedang
seq_000154.jpg,18,Sedang
seq_000155.jpg,20,Sedang
seq_000156.jpg,23,Sedang
seq_000157.jpg,21,Sedang
seq_000158.jpg,21,Sedang
seq_000159.jpg,20,Sedang
seq_000160.jpg,16,Sedang
seq_000161.jpg,17,Sedang
seq_000162.jpg,19,Sedang
seq_000163.jpg,22,Sedang
seq_000164.jpg,25,Sedang
seq_000165.jpg,26,Sedang
seq_000166.jpg,25,Sedang
seq_000167.jpg,22,Sedang
seq_000168.jpg,21,Sedang
seq_000169.jpg,20,Sedang
seq_000170.jpg,19,Sedang
seq_000171.jpg,18,Sedang
seq_000172.jpg,19,Sedang
seq_000173.jpg,17,Sedang
seq_000174.jpg,17,Sedang
seq_000175.jpg,15,Sedang
seq_000176.jpg,15,Sedang
seq_000177.jpg,19,Sedang
seq_000178.jpg,18,Sedang
seq_000179.jpg,15,Sedang
seq_000180.jpg,18,Sedang
seq_000181.jpg,19,Sedang
seq_000182.jpg,18,Sedang
seq_000183.jpg,21,Sedang
seq_000184.jpg,23,Sedang
seq_000185.jpg,23,Sedang
seq_000186.jpg,27,Sedang
seq_000187.jpg,26,Sedang
seq_000188.jpg,23,Sedang
seq_000189.jpg,27,Sedang
seq_000190.jpg,27,Sedang
seq_000191.jpg,27,Sedang
seq_000192.jpg,23,Sedang
seq_000193.jpg,22,Sedang
seq_000194.jpg,21,Sedang
seq_000195.jpg,20,Sedang
seq_000196.jpg,21,Sedang
seq_000197.jpg,21,Sedang
seq_000198.jpg,23,Sedang
seq_000199.jpg,26,Sedang
seq_000200.jpg,26,Sedang
seq_000201.jpg,26,Sedang
seq_000202.jpg,27,Sedang
seq_000203.jpg,28,Sedang
seq_000204.jpg,24,Sedang
seq_000205.jpg,23,Sedang
seq_000206.jpg,23,Sedang
seq_000207.jpg,24,Sedang
seq_000208.jpg,26,Sedang
seq_000209.jpg,25,Sedang
seq_000210.jpg,26,Sedang
seq_000211.jpg,25,Sedang
seq_000212.jpg,21,Sedang
seq_000213.jpg,22,Sedang
seq_000214.jpg,21,Sedang
seq_000215.jpg,19,Sedang
seq_000216.jpg,22,Sedang
seq_000217.jpg,23,Sedang
seq_000218.jpg,24,Sedang
seq_000219.jpg,21,Sedang
seq_000220.jpg,22,Sedang
seq_000221.jpg,23,Sedang
seq_000222.jpg,22,Sedang
seq_000223.jpg,21,Sedang
seq_000224.jpg,19,Sedang
seq_000225.jpg,23,Sedang
seq_000226.jpg,25,Sedang
seq_000227.jpg,23,Sedang
seq_000228.jpg,25,Sedang
seq_000229.jpg,25,Sedang
seq_000230.jpg,22,Sedang
seq_000231.jpg,20,Sedang
seq_000232.jpg,19,Sedang
seq_000233.jpg,19,Sedang
seq_000234.jpg,23,Sedang
seq_000235.jpg,24,Sedang
seq_000236.jpg,28,Sedang
seq_000237.jpg,26,Sedang
seq_000238.jpg,23,Sedang
seq_000239.jpg,23,Sedang
seq_000240.jpg,26,Sedang
seq_000241.jpg,25,Sedang
seq_000242.jpg,24,Sedang
seq_000243.jpg,24,Sedang
seq_000244.jpg,23,Sedang
seq_000245.jpg,20,Sedang
seq_000246.jpg,19,Sedang
seq_000247.jpg,19,Sedang
seq_000248.jpg,17,Sedang
seq_000249.jpg,15,Sedang
seq_000250.jpg,15,Sedang
seq_000251.jpg,19,Sedang
seq_000252.jpg,19,Sedang
seq_000253.jpg,19,Sedang
seq_000254.jpg,19,Sedang
seq_000255.jpg,19,Sedang
seq_000256.jpg,20,Sedang
seq_000257.jpg,17,Sedang
seq_000258.jpg,18,Sedang
seq_000259.jpg,21,Sedang
seq_000260.jpg,24,Sedang
seq_000261.jpg,22,Sedang
seq_000262.jpg,22,Sedang
seq_000263.jpg,23,Sedang
seq_000264.jpg,23,Sedang
seq_000265.jpg,26,Sedang
seq_000266.jpg,29,Sedang
seq_000267.jpg,27,Sedang
seq_000268.jpg,32,Ramai
seq_000269.jpg,30,Sedang
seq_000270.jpg,29,Sedang
seq_000271.jpg,25,Sedang
seq_000272.jpg,25,Sedang
seq_000273.jpg,25,Sedang
seq_000274.jpg,28,Sedang
seq_000275.jpg,28,Sedang
seq_000276.jpg,27,Sedang
seq_000277.jpg,26,Sedang
seq_000278.jpg,28,Sedang
seq_000279.jpg,23,Sedang
seq_000280.jpg,20,Sedang
seq_000281.jpg,20,Sedang
seq_000282.jpg,20,Sedang
seq_000283.jpg,19,Sedang
seq_000284.jpg,21,Sedang
seq_000285.jpg,21,Sedang
seq_000286.jpg,19,Sedang
seq_000287.jpg,22,Sedang
seq_000288.jpg,24,Sedang
seq_000289.jpg,24,Sedang
seq_000290.jpg,24,Sedang
seq_000291.jpg,23,Sedang
seq_000292.jpg,21,Sedang
seq_000293.jpg,22,Sedang
seq_000294.jpg,28,Sedang
seq_000295.jpg,27,Sedang
seq_000296.jpg,26,Sedang
seq_000297.jpg,25,Sedang
seq_000298.jpg,28,Sedang
seq_000299.jpg,25,Sedang
seq_000300.jpg,24,Sedang
seq_000301.jpg,24,Sedang
seq_000302.jpg,22,Sedang
seq_000303.jpg,22,Sedang
seq_000304.jpg,20,Sedang
seq_000305.jpg,20,Sedang
seq_000306.jpg,22,Sedang
seq_000307.jpg,20,Sedang
seq_000308.jpg,18,Sedang
seq_000309.jpg,19,Sedang
seq_000310.jpg,20,Sedang
seq_000311.jpg,21,Sedang
seq_000312.jpg,18,Sedang
seq_000313.jpg,16,Sedang
seq_000314.jpg,13,Sedang
seq_000315.jpg,13,Sedang
seq_000316.jpg,14,Sedang
seq_000317.jpg,12,Sedang
seq_000318.jpg,14,Sedang
seq_000319.jpg,13,Sedang
seq_000320.jpg,14,Sedang
seq_000321.jpg,13,Sedang
seq_000322.jpg,16,Sedang
seq_000323.jpg,16,Sedang
seq_000324.jpg,17,Sedang
seq_000325.jpg,15,Sedang
seq_000326.jpg,17,Sedang
seq_000327.jpg,14,Sedang
seq_000328.jpg,17,Sedang
seq_000329.jpg,17,Sedang
seq_000330.jpg,16,Sedang
seq_000331.jpg,16,Sedang
seq_000332.jpg,16,Sedang
seq_000333.jpg,16,Sedang
seq_000334.jpg,18,Sedang
seq_000335.jpg,23,Sedang
seq_000336.jpg,23,Sedang
seq_000337.jpg,18,Sedang
seq_000338.jpg,21,Sedang
seq_000339.jpg,20,Sedang
seq_000340.jpg,20,Sedang
seq_000341.jpg,22,Sedang
seq_000342.jpg,23,Sedang
seq_000343.jpg,23,Sedang
seq_000344.jpg,23,Sedang
seq_000345.jpg,23,Sedang
seq_000346.jpg,27,Sedang
seq_000347.jpg,25,Sedang
seq_000348.jpg,27,Sedang
seq_000349.jpg,27,Sedang
seq_000350.jpg,29,Sedang
seq_000351.jpg,34,Ramai
seq_000352.jpg,33,Ramai
seq_000353.jpg,33,Ramai
seq_000354.jpg,34,Ramai
seq_000355.jpg,31,Ramai
seq_000356.jpg,30,Sedang
seq_000357.jpg,31,Ramai
seq_000358.jpg,28,Sedang
seq_000359.jpg,31,Ramai
seq_000360.jpg,31,Ramai
seq_000361.jpg,31,Ramai
seq_000362.jpg,33,Ramai
seq_000363.jpg,30,Sedang
seq_000364.jpg,27,Sedang
seq_000365.jpg,26,Sedang
seq_000366.jpg,24,Sedang
seq_000367.jpg,28,Sedang
seq_000368.jpg,26,Sedang
seq_000369.jpg,28,Sedang
seq_000370.jpg,29,Sedang
seq_000371.jpg,28,Sedang
seq_000372.jpg,27,Sedang
seq_000373.jpg,28,Sedang
seq_000374.jpg,26,Sedang
seq_000375.jpg,29,Sedang
seq_000376.jpg,28,Sedang
seq_000377.jpg,30,Sedang
seq_000378.jpg,32,Ramai
seq_000379.jpg,35,Ramai
seq_000380.jpg,38,Ramai
seq_000381.jpg,43,Ramai
seq_000382.jpg,38,Ramai
seq_000383.jpg,36,Ramai
seq_000384.jpg,36,Ramai
seq_000385.jpg,38,Ramai
seq_000386.jpg,42,Ramai
seq_000387.jpg,40,Ramai
seq_000388.jpg,41,Ramai
seq_000389.jpg,40,Ramai
seq_000390.jpg,36,Ramai
seq_000391.jpg,37,Ramai
seq_000392.jpg,39,Ramai
seq_000393.jpg,40,Ramai
seq_000394.jpg,43,Ramai
seq_000395.jpg,42,Ramai
seq_000396.jpg,43,Ramai
seq_000397.jpg,44,Ramai
seq_000398.jpg,45,Ramai
seq_000399.jpg,45,Ramai
seq_000400.jpg,46,Ramai
seq_000401.jpg,44,Ramai
seq_000402.jpg,47,Ramai
seq_000403.jpg,49,Ramai
seq_000404.jpg,45,Ramai
seq_000405.jpg,43,Ramai
seq_000406.jpg,37,Ramai
seq_000407.jpg,38,Ramai
seq_000408.jpg,39,Ramai
seq_000409.jpg,37,Ramai
seq_000410.jpg,35,Ramai
seq_000411.jpg,33,Ramai
seq_000412.jpg,30,Sedang
seq_000413.jpg,33,Ramai
seq_000414.jpg,34,Ramai
seq_000415.jpg,32,Ramai
seq_000416.jpg,33,Ramai
seq_000417.jpg,32,Ramai
seq_000418.jpg,33,Ramai
seq_000419.jpg,33,Ramai
seq_000420.jpg,30,Sedang
seq_000421.jpg,34,Ramai
seq_000422.jpg,38,Ramai
seq_000423.jpg,34,Ramai
seq_000424.jpg,36,Ramai
seq_000425.jpg,30,Sedang
seq_000426.jpg,29,Sedang
seq_000427.jpg,30,Sedang
seq_000428.jpg,29,Sedang
seq_000429.jpg,31,Ramai
seq_000430.jpg,34,Ramai
seq_000431.jpg,36,Ramai
seq_000432.jpg,34,Ramai
seq_000433.jpg,36,Ramai
seq_000434.jpg,44,Ramai
seq_000435.jpg,40,Ramai
seq_000436.jpg,39,Ramai
seq_000437.jpg,38,Ramai
seq_000438.jpg,42,Ramai
seq_000439.jpg,38,Ramai
seq_000440.jpg,44,Ramai
seq_000441.jpg,44,Ramai
seq_000442.jpg,43,Ramai
seq_000443.jpg,42,Ramai
seq_000444.jpg,38,Ramai
seq_000445.jpg,42,Ramai
seq_000446.jpg,42,Ramai
seq_000447.jpg,45,Ramai
seq_000448.jpg,44,Ramai
seq_000449.jpg,51,Ramai
seq_000450.jpg,44,Ramai
seq_000451.jpg,46,Ramai
seq_000452.jpg,47,Ramai
seq_000453.jpg,40,Ramai
seq_000454.jpg,36,Ramai
seq_000455.jpg,32,Ramai
seq_000456.jpg,29,Sedang
seq_000457.jpg,30,Sedang
seq_000458.jpg,33,Ramai
seq_000459.jpg,30,Sedang
seq_000460.jpg,37,Ramai
seq_000461.jpg,34,Ramai
seq_000462.jpg,34,Ramai
seq_000463.jpg,34,Ramai
seq_000464.jpg,28,Sedang
seq_000465.jpg,29,Sedang
seq_000466.jpg,31,Ramai
seq_000467.jpg,29,Sedang
seq_000468.jpg,25,Sedang
seq_000469.jpg,28,Sedang
seq_000470.jpg,25,Sedang
seq_000471.jpg,25,Sedang
seq_000472.jpg,25,Sedang
seq_000473.jpg,27,Sedang
seq_000474.jpg,24,Sedang
seq_000475.jpg,25,Sedang
seq_000476.jpg,25,Sedang
seq_000477.jpg,26,Sedang
seq_000478.jpg,22,Sedang
seq_000479.jpg,28,Sedang
seq_000480.jpg,26,Sedang
seq_000481.jpg,28,Sedang
seq_000482.jpg,34,Ramai
seq_000483.jpg,27,Sedang
seq_000484.jpg,28,Sedang
seq_000485.jpg,24,Sedang
seq_000486.jpg,26,Sedang
seq_000487.jpg,25,Sedang
seq_000488.jpg,24,Sedang
seq_000489.jpg,24,Sedang
seq_000490.jpg,30,Sedang
seq_000491.jpg,31,Ramai
seq_000492.jpg,30,Sedang
seq_000493.jpg,28,Sedang
seq_000494.jpg,28,Sedang
seq_000495.jpg,30,Sedang
seq_000496.jpg,31,Ramai
seq_000497.jpg,26,Sedang
seq_000498.jpg,27,Sedang
seq_000499.jpg,23,Sedang
seq_000500.jpg,26,Sedang
seq_000501.jpg,27,Sedang
seq_000502.jpg,21,Sedang
seq_000503.jpg,25,Sedang
seq_000504.jpg,24,Sedang
seq_000505.jpg,26,Sedang
seq_000506.jpg,29,Sedang
seq_000507.jpg,26,Sedang
seq_000508.jpg,24,Sedang
seq_000509.jpg,29,Sedang
seq_000510.jpg,27,Sedang
seq_000511.jpg,24,Sedang
seq_000512.jpg,23,Sedang
seq_000513.jpg,27,Sedang
seq_000514.jpg,32,Ramai
seq_000515.jpg,38,Ramai
seq_000516.jpg,35,Ramai
seq_000517.jpg,33,Ramai
seq_000518.jpg,33,Ramai
seq_000519.jpg,29,Sedang
seq_000520.jpg,31,Ramai
seq_000521.jpg,30,Sedang
seq_000522.jpg,33,Ramai
seq_000523.jpg,30,Sedang
seq_000524.jpg,29,Sedang
seq_000525.jpg,28,Sedang
seq_000526.jpg,31,Ramai
seq_000527.jpg,30,Sedang
seq_000528.jpg,31,Ramai
seq_000529.jpg,23,Sedang
seq_000530.jpg,22,Sedang
seq_000531.jpg,22,Sedang
seq_000532.jpg,25,Sedang
seq_000533.jpg,24,Sedang
seq_000534.jpg,27,Sedang
seq_000535.jpg,26,Sedang
seq_000536.jpg,29,Sedang
seq_000537.jpg,31,Ramai
seq_000538.jpg,28,Sedang
seq_000539.jpg,27,Sedang
seq_000540.jpg,28,Sedang
seq_000541.jpg,28,Sedang
seq_000542.jpg,29,Sedang
seq_000543.jpg,25,Sedang
seq_000544.jpg,24,Sedang
seq_000545.jpg,27,Sedang
seq_000546.jpg,27,Sedang
seq_000547.jpg,25,Sedang
seq_000548.jpg,22,Sedang
seq_000549.jpg,21,Sedang
seq_000550.jpg,21,Sedang
seq_000551.jpg,23,Sedang
seq_000552.jpg,24,Sedang
seq_000553.jpg,22,Sedang
seq_000554.jpg,24,Sedang
seq_000555.jpg,23,Sedang
seq_000556.jpg,22,Sedang
seq_000557.jpg,23,Sedang
seq_000558.jpg,21,Sedang
seq_000559.jpg,24,Sedang
seq_000560.jpg,22,Sedang
seq_000561.jpg,20,Sedang
seq_000562.jpg,23,Sedang
seq_000563.jpg,24,Sedang
seq_000564.jpg,24,Sedang
seq_000565.jpg,23,Sedang
seq_000566.jpg,21,Sedang
seq_000567.jpg,23,Sedang
seq_000568.jpg,24,Sedang
seq_000569.jpg,24,Sedang
seq_000570.jpg,24,Sedang
seq_000571.jpg,21,Sedang
seq_000572.jpg,20,Sedang
seq_000573.jpg,22,Sedang
seq_000574.jpg,20,Sedang
seq_000575.jpg,21,Sedang
seq_000576.jpg,20,Sedang
seq_000577.jpg,22,Sedang
seq_000578.jpg,23,Sedang
seq_000579.jpg,27,Sedang
seq_000580.jpg,29,Sedang
seq_000581.jpg,27,Sedang
seq_000582.jpg,27,Sedang
seq_000583.jpg,26,Sedang
seq_000584.jpg,30,Sedang
seq_000585.jpg,30,Sedang
seq_000586.jpg,28,Sedang
seq_000587.jpg,29,Sedang
seq_000588.jpg,31,Ramai
seq_000589.jpg,30,Sedang
seq_000590.jpg,26,Sedang
seq_000591.jpg,28,Sedang
seq_000592.jpg,27,Sedang
seq_000593.jpg,25,Sedang
seq_000594.jpg,24,Sedang
seq_000595.jpg,24,Sedang
seq_000596.jpg,25,Sedang
seq_000597.jpg,22,Sedang
seq_000598.jpg,23,Sedang
seq_000599.jpg,23,Sedang
seq_000600.jpg,23,Sedang
seq_000601.jpg,22,Sedang
seq_000602.jpg,26,Sedang
seq_000603.jpg,25,Sedang
seq_000604.jpg,26,Sedang
seq_000605.jpg,29,Sedang
seq_000606.jpg,29,Sedang
seq_000607.jpg,31,Ramai
seq_000608.jpg,36,Ramai
seq_000609.jpg,39,Ramai
seq_000610.jpg,40,Ramai
seq_000611.jpg,37,Ramai
seq_000612.jpg,41,Ramai
seq_000613.jpg,40,Ramai
seq_000614.jpg,42,Ramai
seq_000615.jpg,42,Ramai
seq_000616.jpg,45,Ramai
seq_000617.jpg,44,Ramai
seq_000618.jpg,44,Ramai
seq_000619.jpg,44,Ramai
seq_000620.jpg,40,Ramai
seq_000621.jpg,38,Ramai
seq_000622.jpg,39,Ramai
seq_000623.jpg,42,Ramai
seq_000624.jpg,42,Ramai
seq_000625.jpg,41,Ramai
seq_000626.jpg,40,Ramai
seq_000627.jpg,42,Ramai
seq_000628.jpg,34,Ramai
seq_000629.jpg,32,Ramai
seq_000630.jpg,29,Sedang
seq_000631.jpg,33,Ramai
seq_000632.jpg,38,Ramai
seq_000633.jpg,40,Ramai
seq_000634.jpg,36,Ramai
seq_000635.jpg,33,Ramai
seq_000636.jpg,29,Sedang
seq_000637.jpg,32,Ramai
seq_000638.jpg,37,Ramai
seq_000639.jpg,39,Ramai
seq_000640.jpg,37,Ramai
seq_000641.jpg,38,Ramai
seq_000642.jpg,39,Ramai
seq_000643.jpg,40,Ramai
seq_000644.jpg,41,Ramai
seq_000645.jpg,40,Ramai
seq_000646.jpg,41,Ramai
seq_000647.jpg,43,Ramai
seq_000648.jpg,43,Ramai
seq_000649.jpg,39,Ramai
seq_000650.jpg,39,Ramai
seq_000651.jpg,36,Ramai
seq_000652.jpg,33,Ramai
seq_000653.jpg,33,Ramai
seq_000654.jpg,33,Ramai
seq_000655.jpg,36,Ramai
seq_000656.jpg,37,Ramai
seq_000657.jpg,35,Ramai
seq_000658.jpg,31,Ramai
seq_000659.jpg,32,Ramai
seq_000660.jpg,34,Ramai
seq_000661.jpg,34,Ramai
seq_000662.jpg,30,Sedang
seq_000663.jpg,27,Sedang
seq_000664.jpg,25,Sedang
seq_000665.jpg,26,Sedang
seq_000666.jpg,27,Sedang
seq_000667.jpg,31,Ramai
seq_000668.jpg,27,Sedang
seq_000669.jpg,29,Sedang
seq_000670.jpg,32,Ramai
seq_000671.jpg,33,Ramai
seq_000672.jpg,32,Ramai
seq_000673.jpg,33,Ramai
seq_000674.jpg,38,Ramai
seq_000675.jpg,34,Ramai
seq_000676.jpg,38,Ramai
seq_000677.jpg,35,Ramai
seq_000678.jpg,36,Ramai
seq_000679.jpg,34,Ramai
seq_000680.jpg,36,Ramai
seq_000681.jpg,32,Ramai
seq_000682.jpg,33,Ramai
seq_000683.jpg,30,Sedang
seq_000684.jpg,32,Ramai
seq_000685.jpg,34,Ramai
seq_000686.jpg,33,Ramai
seq_000687.jpg,35,Ramai
seq_000688.jpg,34,Ramai
seq_000689.jpg,28,Sedang
seq_000690.jpg,31,Ramai
seq_000691.jpg,32,Ramai
seq_000692.jpg,32,Ramai
seq_000693.jpg,37,Ramai
seq_000694.jpg,33,Ramai
seq_000695.jpg,31,Ramai
seq_000696.jpg,33,Ramai
seq_000697.jpg,33,Ramai
seq_000698.jpg,33,Ramai
seq_000699.jpg,39,Ramai
seq_000700.jpg,39,Ramai
seq_000701.jpg,39,Ramai
seq_000702.jpg,37,Ramai
seq_000703.jpg,34,Ramai
seq_000704.jpg,32,Ramai
seq_000705.jpg,35,Ramai
seq_000706.jpg,38,Ramai
seq_000707.jpg,37,Ramai
seq_000708.jpg,39,Ramai
seq_000709.jpg,39,Ramai
seq_000710.jpg,40,Ramai
seq_000711.jpg,37,Ramai
seq_000712.jpg,37,Ramai
seq_000713.jpg,38,Ramai
seq_000714.jpg,39,Ramai
seq_000715.jpg,37,Ramai
seq_000716.jpg,37,Ramai
seq_000717.jpg,44,Ramai
seq_000718.jpg,41,Ramai
seq_000719.jpg,46,Ramai
seq_000720.jpg,48,Ramai
seq_000721.jpg,46,Ramai
seq_000722.jpg,45,Ramai
seq_000723.jpg,43,Ramai
seq_000724.jpg,42,Ramai
seq_000725.jpg,44,Ramai
seq_000726.jpg,46,Ramai
seq_000727.jpg,45,Ramai
seq_000728.jpg,45,Ramai
seq_000729.jpg,50,Ramai
seq_000730.jpg,47,Ramai
seq_000731.jpg,45,Ramai
seq_000732.jpg,39,Ramai
seq_000733.jpg,40,Ramai
seq_000734.jpg,39,Ramai
seq_000735.jpg,35,Ramai
seq_000736.jpg,37,Ramai
seq_000737.jpg,38,Ramai
seq_000738.jpg,39,Ramai
seq_000739.jpg,33,Ramai
seq_000740.jpg,38,Ramai
seq_000741.jpg,31,Ramai
seq_000742.jpg,38,Ramai
seq_000743.jpg,33,Ramai
seq_000744.jpg,37,Ramai
seq_000745.jpg,39,Ramai
seq_000746.jpg,39,Ramai
seq_000747.jpg,42,Ramai
seq_000748.jpg,39,Ramai
seq_000749.jpg,39,Ramai
seq_000750.jpg,45,Ramai
seq_000751.jpg,44,Ramai
seq_000752.jpg,44,Ramai
seq_000753.jpg,40,Ramai
seq_000754.jpg,40,Ramai
seq_000755.jpg,41,Ramai
seq_000756.jpg,41,Ramai
seq_000757.jpg,43,Ramai
seq_000758.jpg,41,Ramai
seq_000759.jpg,39,Ramai
seq_000760.jpg,43,Ramai
seq_000761.jpg,40,Ramai
seq_000762.jpg,41,Ramai
seq_000763.jpg,34,Ramai
seq_000764.jpg,32,Ramai
seq_000765.jpg,30,Sedang
seq_000766.jpg,31,Ramai
seq_000767.jpg,32,Ramai
seq_000768.jpg,28,Sedang
seq_000769.jpg,26,Sedang
seq_000770.jpg,26,Sedang
seq_000771.jpg,30,Sedang
seq_000772.jpg,32,Ramai
seq_000773.jpg,34,Ramai
seq_000774.jpg,36,Ramai
seq_000775.jpg,35,Ramai
seq_000776.jpg,34,Ramai
seq_000777.jpg,34,Ramai
seq_000778.jpg,34,Ramai
seq_000779.jpg,33,Ramai
seq_000780.jpg,31,Ramai
seq_000781.jpg,35,Ramai
seq_000782.jpg,35,Ramai
seq_000783.jpg,36,Ramai
seq_000784.jpg,29,Sedang
seq_000785.jpg,28,Sedang
seq_000786.jpg,25,Sedang
seq_000787.jpg,26,Sedang
seq_000788.jpg,26,Sedang
seq_000789.jpg,22,Sedang
seq_000790.jpg,22,Sedang
seq_000791.jpg,20,Sedang
seq_000792.jpg,21,Sedang
seq_000793.jpg,22,Sedang
seq_000794.jpg,23,Sedang
seq_000795.jpg,26,Sedang
seq_000796.jpg,25,Sedang
seq_000797.jpg,26,Sedang
seq_000798.jpg,26,Sedang
seq_000799.jpg,26,Sedang
seq_000800.jpg,26,Sedang
seq_000801.jpg,30,Sedang
seq_000802.jpg,34,Ramai
seq_000803.jpg,33,Ramai
seq_000804.jpg,36,Ramai
seq_000805.jpg,38,Ramai
seq_000806.jpg,39,Ramai
seq_000807.jpg,37,Ramai
seq_000808.jpg,39,Ramai
seq_000809.jpg,35,Ramai
seq_000810.jpg,36,Ramai
seq_000811.jpg,36,Ramai
seq_000812.jpg,39,Ramai
seq_000813.jpg,39,Ramai
seq_000814.jpg,39,Ramai
seq_000815.jpg,36,Ramai
seq_000816.jpg,38,Ramai
seq_000817.jpg,33,Ramai
seq_000818.jpg,30,Sedang
seq_000819.jpg,32,Ramai
seq_000820.jpg,33,Ramai
seq_000821.jpg,33,Ramai
seq_000822.jpg,30,Sedang
seq_000823.jpg,30,Sedang
seq_000824.jpg,32,Ramai
seq_000825.jpg,33,Ramai
seq_000826.jpg,31,Ramai
seq_000827.jpg,31,Ramai
seq_000828.jpg,30,Sedang
seq_000829.jpg,29,Sedang
seq_000830.jpg,30,Sedang
seq_000831.jpg,27,Sedang
seq_000832.jpg,26,Sedang
seq_000833.jpg,26,Sedang
seq_000834.jpg,27,Sedang
seq_000835.jpg,29,Sedang
seq_000836.jpg,30,Sedang
seq_000837.jpg,29,Sedang
seq_000838.jpg,32,Ramai
seq_000839.jpg,31,Ramai
seq_000840.jpg,30,Sedang
seq_000841.jpg,30,Sedang
seq_000842.jpg,28,Sedang
seq_000843.jpg,28,Sedang
seq_000844.jpg,26,Sedang
seq_000845.jpg,28,Sedang
seq_000846.jpg,28,Sedang
seq_000847.jpg,31,Ramai
seq_000848.jpg,31,Ramai
seq_000849.jpg,30,Sedang
seq_000850.jpg,28,Sedang
seq_000851.jpg,29,Sedang
seq_000852.jpg,31,Ramai
seq_000853.jpg,31,Ramai
seq_000854.jpg,31,Ramai
seq_000855.jpg,32,Ramai
seq_000856.jpg,31,Ramai
seq_000857.jpg,32,Ramai
seq_000858.jpg,36,Ramai
seq_000859.jpg,37,Ramai
seq_000860.jpg,36,Ramai
seq_000861.jpg,33,Ramai
seq_000862.jpg,35,Ramai
seq_000863.jpg,30,Sedang
seq_000864.jpg,29,Sedang
seq_000865.jpg,29,Sedang
seq_000866.jpg,33,Ramai
seq_000867.jpg,36,Ramai
seq_000868.jpg,37,Ramai
seq_000869.jpg,35,Ramai
seq_000870.jpg,33,Ramai
seq_000871.jpg,35,Ramai
seq_000872.jpg,30,Sedang
seq_000873.jpg,28,Sedang
seq_000874.jpg,29,Sedang
seq_000875.jpg,26,Sedang
seq_000876.jpg,26,Sedang
seq_000877.jpg,26,Sedang
seq_000878.jpg,27,Sedang
seq_000879.jpg,28,Sedang
seq_000880.jpg,32,Ramai
seq_000881.jpg,29,Sedang
seq_000882.jpg,28,Sedang
seq_000883.jpg,30,Sedang
seq_000884.jpg,31,Ramai
seq_000885.jpg,31,Ramai
seq_000886.jpg,33,Ramai
seq_000887.jpg,32,Ramai
seq_000888.jpg,34,Ramai
seq_000889.jpg,32,Ramai
seq_000890.jpg,32,Ramai
seq_000891.jpg,30,Sedang
seq_000892.jpg,27,Sedang
seq_000893.jpg,30,Sedang
seq_000894.jpg,35,Ramai
seq_000895.jpg,34,Ramai
seq_000896.jpg,30,Sedang
seq_000897.jpg,33,Ramai
seq_000898.jpg,32,Ramai
seq_000899.jpg,37,Ramai
seq_000900.jpg,39,Ramai
seq_000901.jpg,30,Sedang
seq_000902.jpg,30,Sedang
seq_000903.jpg,30,Sedang
seq_000904.jpg,34,Ramai
seq_000905.jpg,36,Ramai
seq_000906.jpg,40,Ramai
seq_000907.jpg,41,Ramai
seq_000908.jpg,44,Ramai
seq_000909.jpg,42,Ramai
seq_000910.jpg,39,Ramai
seq_000911.jpg,36,Ramai
seq_000912.jpg,37,Ramai
seq_000913.jpg,38,Ramai
seq_000914.jpg,35,Ramai
seq_000915.jpg,37,Ramai
seq_000916.jpg,39,Ramai
seq_000917.jpg,36,Ramai
seq_000918.jpg,33,Ramai
seq_000919.jpg,29,Sedang
seq_000920.jpg,32,Ramai
seq_000921.jpg,34,Ramai
seq_000922.jpg,32,Ramai
seq_000923.jpg,33,Ramai
seq_000924.jpg,35,Ramai
seq_000925.jpg,32,Ramai
seq_000926.jpg,28,Sedang
seq_000927.jpg,25,Sedang
seq_000928.jpg,25,Sedang
seq_000929.jpg,25,Sedang
seq_000930.jpg,26,Sedang
seq_000931.jpg,30,Sedang
seq_000932.jpg,28,Sedang
seq_000933.jpg,31,Ramai
seq_000934.jpg,31,Ramai
seq_000935.jpg,31,Ramai
seq_000936.jpg,28,Sedang
seq_000937.jpg,30,Sedang
seq_000938.jpg,28,Sedang
seq_000939.jpg,28,Sedang
seq_000940.jpg,27,Sedang
seq_000941.jpg,31,Ramai
seq_000942.jpg,30,Sedang
seq_000943.jpg,29,Sedang
seq_000944.jpg,30,Sedang
seq_000945.jpg,32,Ramai
seq_000946.jpg,32,Ramai
seq_000947.jpg,34,Ramai
seq_000948.jpg,35,Ramai
seq_000949.jpg,34,Ramai
seq_000950.jpg,34,Ramai
seq_000951.jpg,40,Ramai
seq_000952.jpg,45,Ramai
seq_000953.jpg,42,Ramai
seq_000954.jpg,40,Ramai
seq_000955.jpg,47,Ramai
seq_000956.jpg,41,Ramai
seq_000957.jpg,40,Ramai
seq_000958.jpg,45,Ramai
seq_000959.jpg,46,Ramai
seq_000960.jpg,41,Ramai
seq_000961.jpg,38,Ramai
seq_000962.jpg,37,Ramai
seq_000963.jpg,46,Ramai
seq_000964.jpg,47,Ramai
seq_000965.jpg,44,Ramai
seq_000966.jpg,45,Ramai
seq_000967.jpg,41,Ramai
seq_000968.jpg,41,Ramai
seq_000969.jpg,44,Ramai
seq_000970.jpg,44,Ramai
seq_000971.jpg,46,Ramai
seq_000972.jpg,44,Ramai
seq_000973.jpg,36,Ramai
seq_000974.jpg,36,Ramai
seq_000975.jpg,35,Ramai
seq_000976.jpg,35,Ramai
seq_000977.jpg,34,Ramai
seq_000978.jpg,32,Ramai
seq_000979.jpg,27,Sedang
seq_000980.jpg,30,Sedang
seq_000981.jpg,29,Sedang
seq_000982.jpg,25,Sedang
seq_000983.jpg,28,Sedang
seq_000984.jpg,28,Sedang
seq_000985.jpg,28,Sedang
seq_000986.jpg,31,Ramai
seq_000987.jpg,30,Sedang
seq_000988.jpg,34,Ramai
seq_000989.jpg,32,Ramai
seq_000990.jpg,33,Ramai
seq_000991.jpg,34,Ramai
seq_000992.jpg,34,Ramai
seq_000993.jpg,35,Ramai
seq_000994.jpg,38,Ramai
seq_000995.jpg,40,Ramai
seq_000996.jpg,40,Ramai
seq_000997.jpg,41,Ramai
seq_000998.jpg,37,Ramai
seq_000999.jpg,36,Ramai
seq_001000.jpg,36,Ramai
seq_001001.jpg,39,Ramai
seq_001002.jpg,39,Ramai
seq_001003.jpg,36,Ramai
seq_001004.jpg,38,Ramai
seq_001005.jpg,34,Ramai
seq_001006.jpg,34,Ramai
seq_001007.jpg,30,Sedang
seq_001008.jpg,31,Ramai
seq_001009.jpg,31,Ramai
seq_001010.jpg,26,Sedang
seq_001011.jpg,26,Sedang
seq_001012.jpg,28,Sedang
seq_001013.jpg,30,Sedang
seq_001014.jpg,27,Sedang
seq_001015.jpg,28,Sedang
seq_001016.jpg,32,Ramai
seq_001017.jpg,28,Sedang
seq_001018.jpg,27,Sedang
seq_001019.jpg,27,Sedang
seq_001020.jpg,27,Sedang
seq_001021.jpg,27,Sedang
seq_001022.jpg,28,Sedang
seq_001023.jpg,28,Sedang
seq_001024.jpg,31,Ramai
seq_001025.jpg,35,Ramai
seq_001026.jpg,30,Sedang
seq_001027.jpg,34,Ramai
seq_001028.jpg,36,Ramai
seq_001029.jpg,37,Ramai
seq_001030.jpg,36,Ramai
seq_001031.jpg,34,Ramai
seq_001032.jpg,38,Ramai
seq_001033.jpg,36,Ramai
seq_001034.jpg,36,Ramai
seq_001035.jpg,37,Ramai
seq_001036.jpg,36,Ramai
seq_001037.jpg,34,Ramai
seq_001038.jpg,32,Ramai
seq_001039.jpg,29,Sedang
seq_001040.jpg,32,Ramai
seq_001041.jpg,34,Ramai
seq_001042.jpg,31,Ramai
seq_001043.jpg,30,Sedang
seq_001044.jpg,30,Sedang
seq_001045.jpg,28,Sedang
seq_001046.jpg,25,Sedang
seq_001047.jpg,24,Sedang
seq_001048.jpg,27,Sedang
seq_001049.jpg,30,Sedang
seq_001050.jpg,30,Sedang
seq_001051.jpg,30,Sedang
seq_001052.jpg,25,Sedang
seq_001053.jpg,30,Sedang
seq_001054.jpg,29,Sedang
seq_001055.jpg,28,Sedang
seq_001056.jpg,32,Ramai
seq_001057.jpg,31,Ramai
seq_001058.jpg,31,Ramai
seq_001059.jpg,27,Sedang
seq_001060.jpg,25,Sedang
seq_001061.jpg,26,Sedang
seq_001062.jpg,27,Sedang
seq_001063.jpg,27,Sedang
seq_001064.jpg,26,Sedang
seq_001065.jpg,23,Sedang
seq_001066.jpg,21,Sedang
seq_001067.jpg,24,Sedang
seq_001068.jpg,26,Sedang
seq_001069.jpg,28,Sedang
seq_001070.jpg,32,Ramai
seq_001071.jpg,33,Ramai
seq_001072.jpg,33,Ramai
seq_001073.jpg,30,Sedang
seq_001074.jpg,31,Ramai
seq_001075.jpg,32,Ramai
seq_001076.jpg,33,Ramai
seq_001077.jpg,29,Sedang
seq_001078.jpg,34,Ramai
seq_001079.jpg,36,Ramai
seq_001080.jpg,31,Ramai
seq_001081.jpg,30,Sedang
seq_001082.jpg,28,Sedang
seq_001083.jpg,29,Sedang
seq_001084.jpg,24,Sedang
seq_001085.jpg,27,Sedang
seq_001086.jpg,24,Sedang
seq_001087.jpg,21,Sedang
seq_001088.jpg,21,Sedang
seq_001089.jpg,22,Sedang
seq_001090.jpg,22,Sedang
seq_001091.jpg,22,Sedang
seq_001092.jpg,26,Sedang
seq_001093.jpg,22,Sedang
seq_001094.jpg,24,Sedang
seq_001095.jpg,26,Sedang
seq_001096.jpg,24,Sedang
seq_001097.jpg,23,Sedang
seq_001098.jpg,26,Sedang
seq_001099.jpg,26,Sedang
seq_001100.jpg,25,Sedang
seq_001101.jpg,27,Sedang
seq_001102.jpg,26,Sedang
seq_001103.jpg,27,Sedang
seq_001104.jpg,27,Sedang
seq_001105.jpg,26,Sedang
seq_001106.jpg,27,Sedang
seq_001107.jpg,27,Sedang
seq_001108.jpg,25,Sedang
seq_001109.jpg,27,Sedang
seq_001110.jpg,25,Sedang
seq_001111.jpg,25,Sedang
seq_001112.jpg,27,Sedang
seq_001113.jpg,27,Sedang
seq_001114.jpg,31,Ramai
seq_001115.jpg,29,Sedang
seq_001116.jpg,29,Sedang
seq_001117.jpg,31,Ramai
seq_001118.jpg,27,Sedang
seq_001119.jpg,29,Sedang
seq_001120.jpg,29,Sedang
seq_001121.jpg,27,Sedang
seq_001122.jpg,24,Sedang
seq_001123.jpg,26,Sedang
seq_001124.jpg,24,Sedang
seq_001125.jpg,26,Sedang
seq_001126.jpg,26,Sedang
seq_001127.jpg,29,Sedang
seq_001128.jpg,30,Sedang
seq_001129.jpg,29,Sedang
seq_001130.jpg,29,Sedang
seq_001131.jpg,24,Sedang
seq_001132.jpg,24,Sedang
seq_001133.jpg,25,Sedang
seq_001134.jpg,19,Sedang
seq_001135.jpg,22,Sedang
seq_001136.jpg,24,Sedang
seq_001137.jpg,27,Sedang
seq_001138.jpg,27,Sedang
seq_001139.jpg,31,Ramai
seq_001140.jpg,30,Sedang
seq_001141.jpg,30,Sedang
seq_001142.jpg,33,Ramai
seq_001143.jpg,35,Ramai
seq_001144.jpg,41,Ramai
seq_001145.jpg,40,Ramai
seq_001146.jpg,39,Ramai
seq_001147.jpg,38,Ramai
seq_001148.jpg,42,Ramai
seq_001149.jpg,45,Ramai
seq_001150.jpg,42,Ramai
seq_001151.jpg,40,Ramai
seq_001152.jpg,40,Ramai
seq_001153.jpg,41,Ramai
seq_001154.jpg,39,Ramai
seq_001155.jpg,42,Ramai
seq_001156.jpg,43,Ramai
seq_001157.jpg,36,Ramai
seq_001158.jpg,39,Ramai
seq_001159.jpg,40,Ramai
seq_001160.jpg,31,Ramai
seq_001161.jpg,34,Ramai
seq_001162.jpg,36,Ramai
seq_001163.jpg,34,Ramai
seq_001164.jpg,32,Ramai
seq_001165.jpg,33,Ramai
seq_001166.jpg,35,Ramai
seq_001167.jpg,36,Ramai
seq_001168.jpg,37,Ramai
seq_001169.jpg,38,Ramai
seq_001170.jpg,37,Ramai
seq_001171.jpg,39,Ramai
seq_001172.jpg,36,Ramai
seq_001173.jpg,40,Ramai
seq_001174.jpg,38,Ramai
seq_001175.jpg,32,Ramai
seq_001176.jpg,29,Sedang
seq_001177.jpg,28,Sedang
seq_001178.jpg,27,Sedang
seq_001179.jpg,30,Sedang
seq_001180.jpg,29,Sedang
seq_001181.jpg,29,Sedang
seq_001182.jpg,23,Sedang
seq_001183.jpg,23,Sedang
seq_001184.jpg,24,Sedang
seq_001185.jpg,27,Sedang
seq_001186.jpg,26,Sedang
seq_001187.jpg,27,Sedang
seq_001188.jpg,29,Sedang
seq_001189.jpg,27,Sedang
seq_001190.jpg,27,Sedang
seq_001191.jpg,29,Sedang
seq_001192.jpg,26,Sedang
seq_001193.jpg,32,Ramai
seq_001194.jpg,33,Ramai
seq_001195.jpg,30,Sedang
seq_001196.jpg,29,Sedang
seq_001197.jpg,27,Sedang
seq_001198.jpg,27,Sedang
seq_001199.jpg,29,Sedang
seq_001200.jpg,28,Sedang
seq_001201.jpg,27,Sedang
seq_001202.jpg,28,Sedang
seq_001203.jpg,31,Ramai
seq_001204.jpg,27,Sedang
seq_001205.jpg,28,Sedang
seq_001206.jpg,28,Sedang
seq_001207.jpg,28,Sedang
seq_001208.jpg,27,Sedang
seq_001209.jpg,28,Sedang
seq_001210.jpg,28,Sedang
seq_001211.jpg,32,Ramai
seq_001212.jpg,29,Sedang
seq_001213.jpg,30,Sedang
seq_001214.jpg,29,Sedang
seq_001215.jpg,25,Sedang
seq_001216.jpg,23,Sedang
seq_001217.jpg,25,Sedang
seq_001218.jpg,25,Sedang
seq_001219.jpg,24,Sedang
seq_001220.jpg,27,Sedang
seq_001221.jpg,33,Ramai
seq_001222.jpg,33,Ramai
seq_001223.jpg,35,Ramai
seq_001224.jpg,32,Ramai
seq_001225.jpg,33,Ramai
seq_001226.jpg,33,Ramai
seq_001227.jpg,38,Ramai
seq_001228.jpg,39,Ramai
seq_001229.jpg,36,Ramai
seq_001230.jpg,37,Ramai
seq_001231.jpg,39,Ramai
seq_001232.jpg,37,Ramai
seq_001233.jpg,35,Ramai
seq_001234.jpg,35,Ramai
seq_001235.jpg,31,Ramai
seq_001236.jpg,33,Ramai
seq_001237.jpg,33,Ramai
seq_001238.jpg,31,Ramai
seq_001239.jpg,32,Ramai
seq_001240.jpg,29,Sedang
seq_001241.jpg,28,Sedang
seq_001242.jpg,30,Sedang
seq_001243.jpg,27,Sedang
seq_001244.jpg,27,Sedang
seq_001245.jpg,27,Sedang
seq_001246.jpg,26,Sedang
seq_001247.jpg,24,Sedang
seq_001248.jpg,21,Sedang
seq_001249.jpg,23,Sedang
seq_001250.jpg,25,Sedang
seq_001251.jpg,22,Sedang
seq_001252.jpg,26,Sedang
seq_001253.jpg,26,Sedang
seq_001254.jpg,25,Sedang
seq_001255.jpg,24,Sedang
seq_001256.jpg,24,Sedang
seq_001257.jpg,24,Sedang
seq_001258.jpg,25,Sedang
seq_001259.jpg,27,Sedang
seq_001260.jpg,29,Sedang
seq_001261.jpg,29,Sedang
seq_001262.jpg,29,Sedang
seq_001263.jpg,28,Sedang
seq_001264.jpg,29,Sedang
seq_001265.jpg,33,Ramai
seq_001266.jpg,36,Ramai
seq_001267.jpg,35,Ramai
seq_001268.jpg,36,Ramai
seq_001269.jpg,37,Ramai
seq_001270.jpg,32,Ramai
seq_001271.jpg,33,Ramai
seq_001272.jpg,33,Ramai
seq_001273.jpg,35,Ramai
seq_001274.jpg,31,Ramai
seq_001275.jpg,39,Ramai
seq_001276.jpg,36,Ramai
seq_001277.jpg,36,Ramai
seq_001278.jpg,34,Ramai
seq_001279.jpg,37,Ramai
seq_001280.jpg,34,Ramai
seq_001281.jpg,39,Ramai
seq_001282.jpg,33,Ramai
seq_001283.jpg,31,Ramai
seq_001284.jpg,37,Ramai
seq_001285.jpg,40,Ramai
seq_001286.jpg,32,Ramai
seq_001287.jpg,32,Ramai
seq_001288.jpg,31,Ramai
seq_001289.jpg,32,Ramai
seq_001290.jpg,29,Sedang
seq_001291.jpg,31,Ramai
seq_001292.jpg,30,Sedang
seq_001293.jpg,29,Sedang
seq_001294.jpg,30,Sedang
seq_001295.jpg,30,Sedang
seq_001296.jpg,31,Ramai
seq_001297.jpg,30,Sedang
seq_001298.jpg,32,Ramai
seq_001299.jpg,32,Ramai
seq_001300.jpg,26,Sedang
seq_001301.jpg,27,Sedang
seq_001302.jpg,29,Sedang
seq_001303.jpg,27,Sedang
seq_001304.jpg,29,Sedang
seq_001305.jpg,31,Ramai
seq_001306.jpg,30,Sedang
seq_001307.jpg,31,Ramai
seq_001308.jpg,32,Ramai
seq_001309.jpg,32,Ramai
seq_001310.jpg,38,Ramai
seq_001311.jpg,33,Ramai
seq_001312.jpg,34,Ramai
seq_001313.jpg,36,Ramai
seq_001314.jpg,36,Ramai
seq_001315.jpg,36,Ramai
seq_001316.jpg,35,Ramai
seq_001317.jpg,34,Ramai
seq_001318.jpg,31,Ramai
seq_001319.jpg,31,Ramai
seq_001320.jpg,32,Ramai
seq_001321.jpg,34,Ramai
seq_001322.jpg,34,Ramai
seq_001323.jpg,35,Ramai
seq_001324.jpg,35,Ramai
seq_001325.jpg,38,Ramai
seq_001326.jpg,32,Ramai
seq_001327.jpg,32,Ramai
seq_001328.jpg,32,Ramai
seq_001329.jpg,27,Sedang
seq_001330.jpg,22,Sedang
seq_001331.jpg,23,Sedang
seq_001332.jpg,23,Sedang
seq_001333.jpg,24,Sedang
seq_001334.jpg,20,Sedang
seq_001335.jpg,20,Sedang
seq_001336.jpg,19,Sedang
seq_001337.jpg,21,Sedang
seq_001338.jpg,21,Sedang
seq_001339.jpg,19,Sedang
seq_001340.jpg,20,Sedang
seq_001341.jpg,20,Sedang
seq_001342.jpg,21,Sedang
seq_001343.jpg,20,Sedang
seq_001344.jpg,20,Sedang
seq_001345.jpg,23,Sedang
seq_001346.jpg,23,Sedang
seq_001347.jpg,24,Sedang
seq_001348.jpg,24,Sedang
seq_001349.jpg,24,Sedang
seq_001350.jpg,25,Sedang
seq_001351.jpg,28,Sedang
seq_001352.jpg,26,Sedang
seq_001353.jpg,27,Sedang
seq_001354.jpg,27,Sedang
seq_001355.jpg,30,Sedang
seq_001356.jpg,29,Sedang
seq_001357.jpg,29,Sedang
seq_001358.jpg,27,Sedang
seq_001359.jpg,29,Sedang
seq_001360.jpg,25,Sedang
seq_001361.jpg,28,Sedang
seq_001362.jpg,27,Sedang
seq_001363.jpg,24,Sedang
seq_001364.jpg,25,Sedang
seq_001365.jpg,25,Sedang
seq_001366.jpg,27,Sedang
seq_001367.jpg,26,Sedang
seq_001368.jpg,23,Sedang
seq_001369.jpg,25,Sedang
seq_001370.jpg,24,Sedang
seq_001371.jpg,22,Sedang
seq_001372.jpg,20,Sedang
seq_001373.jpg,21,Sedang
seq_001374.jpg,20,Sedang
seq_001375.jpg,21,Sedang
seq_001376.jpg,22,Sedang
seq_001377.jpg,20,Sedang
seq_001378.jpg,20,Sedang
seq_001379.jpg,21,Sedang
seq_001380.jpg,25,Sedang
seq_001381.jpg,23,Sedang
seq_001382.jpg,22,Sedang
seq_001383.jpg,27,Sedang
seq_001384.jpg,28,Sedang
seq_001385.jpg,28,Sedang
seq_001386.jpg,30,Sedang
seq_001387.jpg,29,Sedang
seq_001388.jpg,29,Sedang
seq_001389.jpg,28,Sedang
seq_001390.jpg,25,Sedang
seq_001391.jpg,31,Ramai
seq_001392.jpg,29,Sedang
seq_001393.jpg,30,Sedang
seq_001394.jpg,27,Sedang
seq_001395.jpg,25,Sedang
seq_001396.jpg,28,Sedang
seq_001397.jpg,25,Sedang
seq_001398.jpg,24,Sedang
seq_001399.jpg,22,Sedang
seq_001400.jpg,26,Sedang
seq_001401.jpg,25,Sedang
seq_001402.jpg,27,Sedang
seq_001403.jpg,28,Sedang
seq_001404.jpg,32,Ramai
seq_001405.jpg,37,Ramai
seq_001406.jpg,33,Ramai
seq_001407.jpg,36,Ramai
seq_001408.jpg,33,Ramai
seq_001409.jpg,31,Ramai
seq_001410.jpg,30,Sedang
seq_001411.jpg,30,Sedang
seq_001412.jpg,32,Ramai
seq_001413.jpg,32,Ramai
seq_001414.jpg,35,Ramai
seq_001415.jpg,35,Ramai
seq_001416.jpg,37,Ramai
seq_001417.jpg,35,Ramai
seq_001418.jpg,38,Ramai
seq_001419.jpg,32,Ramai
seq_001420.jpg,37,Ramai
seq_001421.jpg,37,Ramai
seq_001422.jpg,38,Ramai
seq_001423.jpg,35,Ramai
seq_001424.jpg,38,Ramai
seq_001425.jpg,36,Ramai
seq_001426.jpg,38,Ramai
seq_001427.jpg,41,Ramai
seq_001428.jpg,41,Ramai
seq_001429.jpg,35,Ramai
seq_001430.jpg,34,Ramai
seq_001431.jpg,39,Ramai
seq_001432.jpg,35,Ramai
seq_001433.jpg,35,Ramai
seq_001434.jpg,34,Ramai
seq_001435.jpg,33,Ramai
seq_001436.jpg,33,Ramai
seq_001437.jpg,33,Ramai
seq_001438.jpg,37,Ramai
seq_001439.jpg,33,Ramai
seq_001440.jpg,32,Ramai
seq_001441.jpg,32,Ramai
seq_001442.jpg,35,Ramai
seq_001443.jpg,33,Ramai
seq_001444.jpg,31,Ramai
seq_001445.jpg,32,Ramai
seq_001446.jpg,35,Ramai
seq_001447.jpg,38,Ramai
seq_001448.jpg,34,Ramai
seq_001449.jpg,32,Ramai
seq_001450.jpg,41,Ramai
seq_001451.jpg,42,Ramai
seq_001452.jpg,41,Ramai
seq_001453.jpg,41,Ramai
seq_001454.jpg,37,Ramai
seq_001455.jpg,44,Ramai
seq_001456.jpg,44,Ramai
seq_001457.jpg,45,Ramai
seq_001458.jpg,49,Ramai
seq_001459.jpg,49,Ramai
seq_001460.jpg,41,Ramai
seq_001461.jpg,36,Ramai
seq_001462.jpg,37,Ramai
seq_001463.jpg,37,Ramai
seq_001464.jpg,39,Ramai
seq_001465.jpg,35,Ramai
seq_001466.jpg,31,Ramai
seq_001467.jpg,35,Ramai
seq_001468.jpg,31,Ramai
seq_001469.jpg,32,Ramai
seq_001470.jpg,27,Sedang
seq_001471.jpg,33,Ramai
seq_001472.jpg,26,Sedang
seq_001473.jpg,29,Sedang
seq_001474.jpg,26,Sedang
seq_001475.jpg,31,Ramai
seq_001476.jpg,30,Sedang
seq_001477.jpg,30,Sedang
seq_001478.jpg,25,Sedang
seq_001479.jpg,29,Sedang
seq_001480.jpg,29,Sedang
seq_001481.jpg,29,Sedang
seq_001482.jpg,30,Sedang
seq_001483.jpg,32,Ramai
seq_001484.jpg,31,Ramai
seq_001485.jpg,35,Ramai
seq_001486.jpg,32,Ramai
seq_001487.jpg,36,Ramai
seq_001488.jpg,38,Ramai
seq_001489.jpg,39,Ramai
seq_001490.jpg,33,Ramai
seq_001491.jpg,30,Sedang
seq_001492.jpg,29,Sedang
seq_001493.jpg,32,Ramai
seq_001494.jpg,33,Ramai
seq_001495.jpg,31,Ramai
seq_001496.jpg,34,Ramai
seq_001497.jpg,39,Ramai
seq_001498.jpg,35,Ramai
seq_001499.jpg,40,Ramai
seq_001500.jpg,45,Ramai
seq_001501.jpg,44,Ramai
seq_001502.jpg,43,Ramai
seq_001503.jpg,44,Ramai
seq_001504.jpg,42,Ramai
seq_001505.jpg,44,Ramai
seq_001506.jpg,42,Ramai
seq_001507.jpg,42,Ramai
seq_001508.jpg,38,Ramai
seq_001509.jpg,41,Ramai
seq_001510.jpg,40,Ramai
seq_001511.jpg,44,Ramai
seq_001512.jpg,43,Ramai
seq_001513.jpg,40,Ramai
seq_001514.jpg,40,Ramai
seq_001515.jpg,40,Ramai
seq_001516.jpg,38,Ramai
seq_001517.jpg,33,Ramai
seq_001518.jpg,33,Ramai
seq_001519.jpg,37,Ramai
seq_001520.jpg,34,Ramai
seq_001521.jpg,32,Ramai
seq_001522.jpg,30,Sedang
seq_001523.jpg,33,Ramai
seq_001524.jpg,31,Ramai
seq_001525.jpg,29,Sedang
seq_001526.jpg,30,Sedang
seq_001527.jpg,29,Sedang
seq_001528.jpg,28,Sedang
seq_001529.jpg,30,Sedang
seq_001530.jpg,28,Sedang
seq_001531.jpg,29,Sedang
seq_001532.jpg,34,Ramai
seq_001533.jpg,42,Ramai
seq_001534.jpg,34,Ramai
seq_001535.jpg,37,Ramai
seq_001536.jpg,38,Ramai
seq_001537.jpg,35,Ramai
seq_001538.jpg,39,Ramai
seq_001539.jpg,39,Ramai
seq_001540.jpg,41,Ramai
seq_001541.jpg,34,Ramai
seq_001542.jpg,35,Ramai
seq_001543.jpg,36,Ramai
seq_001544.jpg,38,Ramai
seq_001545.jpg,42,Ramai
seq_001546.jpg,41,Ramai
seq_001547.jpg,39,Ramai
seq_001548.jpg,36,Ramai
seq_001549.jpg,39,Ramai
seq_001550.jpg,34,Ramai
seq_001551.jpg,42,Ramai
seq_001552.jpg,42,Ramai
seq_001553.jpg,44,Ramai
seq_001554.jpg,43,Ramai
seq_001555.jpg,46,Ramai
seq_001556.jpg,44,Ramai
seq_001557.jpg,44,Ramai
seq_001558.jpg,47,Ramai
seq_001559.jpg,45,Ramai
seq_001560.jpg,46,Ramai
seq_001561.jpg,40,Ramai
seq_001562.jpg,41,Ramai
seq_001563.jpg,41,Ramai
seq_001564.jpg,34,Ramai
seq_001565.jpg,30,Sedang
seq_001566.jpg,33,Ramai
seq_001567.jpg,29,Sedang
seq_001568.jpg,27,Sedang
seq_001569.jpg,27,Sedang
seq_001570.jpg,22,Sedang
seq_001571.jpg,20,Sedang
seq_001572.jpg,20,Sedang
seq_001573.jpg,21,Sedang
seq_001574.jpg,23,Sedang
seq_001575.jpg,27,Sedang
seq_001576.jpg,29,Sedang
seq_001577.jpg,29,Sedang
seq_001578.jpg,31,Ramai
seq_001579.jpg,28,Sedang
seq_001580.jpg,29,Sedang
seq_001581.jpg,31,Ramai
seq_001582.jpg,31,Ramai
seq_001583.jpg,30,Sedang
seq_001584.jpg,28,Sedang
seq_001585.jpg,25,Sedang
seq_001586.jpg,29,Sedang
seq_001587.jpg,30,Sedang
seq_001588.jpg,28,Sedang
seq_001589.jpg,29,Sedang
seq_001590.jpg,31,Ramai
seq_001591.jpg,31,Ramai
seq_001592.jpg,30,Sedang
seq_001593.jpg,30,Sedang
seq_001594.jpg,30,Sedang
seq_001595.jpg,30,Sedang
seq_001596.jpg,31,Ramai
seq_001597.jpg,28,Sedang
seq_001598.jpg,32,Ramai
seq_001599.jpg,29,Sedang
seq_001600.jpg,38,Ramai
seq_001601.jpg,30,Sedang
seq_001602.jpg,29,Sedang
seq_001603.jpg,26,Sedang
seq_001604.jpg,30,Sedang
seq_001605.jpg,33,Ramai
seq_001606.jpg,35,Ramai
seq_001607.jpg,31,Ramai
seq_001608.jpg,34,Ramai
seq_001609.jpg,27,Sedang
seq_001610.jpg,27,Sedang
seq_001611.jpg,27,Sedang
seq_001612.jpg,31,Ramai
seq_001613.jpg,31,Ramai
seq_001614.jpg,28,Sedang
seq_001615.jpg,30,Sedang
seq_001616.jpg,34,Ramai
seq_001617.jpg,36,Ramai
seq_001618.jpg,38,Ramai
seq_001619.jpg,40,Ramai
seq_001620.jpg,30,Sedang
seq_001621.jpg,30,Sedang
seq_001622.jpg,34,Ramai
seq_001623.jpg,37,Ramai
seq_001624.jpg,36,Ramai
seq_001625.jpg,36,Ramai
seq_001626.jpg,39,Ramai
seq_001627.jpg,41,Ramai
seq_001628.jpg,41,Ramai
seq_001629.jpg,39,Ramai
seq_001630.jpg,40,Ramai
seq_001631.jpg,46,Ramai
seq_001632.jpg,42,Ramai
seq_001633.jpg,44,Ramai
seq_001634.jpg,44,Ramai
seq_001635.jpg,44,Ramai
seq_001636.jpg,43,Ramai
seq_001637.jpg,45,Ramai
seq_001638.jpg,41,Ramai
seq_001639.jpg,45,Ramai
seq_001640.jpg,44,Ramai
seq_001641.jpg,41,Ramai
seq_001642.jpg,39,Ramai
seq_001643.jpg,45,Ramai
seq_001644.jpg,47,Ramai
seq_001645.jpg,47,Ramai
seq_001646.jpg,48,Ramai
seq_001647.jpg,45,Ramai
seq_001648.jpg,47,Ramai
seq_001649.jpg,43,Ramai
seq_001650.jpg,47,Ramai
seq_001651.jpg,47,Ramai
seq_001652.jpg,45,Ramai
seq_001653.jpg,47,Ramai
seq_001654.jpg,39,Ramai
seq_001655.jpg,38,Ramai
seq_001656.jpg,41,Ramai
seq_001657.jpg,41,Ramai
seq_001658.jpg,39,Ramai
seq_001659.jpg,38,Ramai
seq_001660.jpg,37,Ramai
seq_001661.jpg,37,Ramai
seq_001662.jpg,38,Ramai
seq_001663.jpg,33,Ramai
seq_001664.jpg,34,Ramai
seq_001665.jpg,36,Ramai
seq_001666.jpg,34,Ramai
seq_001667.jpg,32,Ramai
seq_001668.jpg,28,Sedang
seq_001669.jpg,25,Sedang
seq_001670.jpg,27,Sedang
seq_001671.jpg,30,Sedang
seq_001672.jpg,27,Sedang
seq_001673.jpg,29,Sedang
seq_001674.jpg,27,Sedang
seq_001675.jpg,32,Ramai
seq_001676.jpg,30,Sedang
seq_001677.jpg,28,Sedang
seq_001678.jpg,29,Sedang
seq_001679.jpg,27,Sedang
seq_001680.jpg,30,Sedang
seq_001681.jpg,30,Sedang
seq_001682.jpg,31,Ramai
seq_001683.jpg,29,Sedang
seq_001684.jpg,30,Sedang
seq_001685.jpg,31,Ramai
seq_001686.jpg,29,Sedang
seq_001687.jpg,28,Sedang
seq_001688.jpg,26,Sedang
seq_001689.jpg,24,Sedang
seq_001690.jpg,24,Sedang
seq_001691.jpg,27,Sedang
seq_001692.jpg,30,Sedang
seq_001693.jpg,25,Sedang
seq_001694.jpg,23,Sedang
seq_001695.jpg,20,Sedang
seq_001696.jpg,20,Sedang
seq_001697.jpg,20,Sedang
seq_001698.jpg,18,Sedang
seq_001699.jpg,18,Sedang
seq_001700.jpg,22,Sedang
seq_001701.jpg,21,Sedang
seq_001702.jpg,20,Sedang
seq_001703.jpg,18,Sedang
seq_001704.jpg,20,Sedang
seq_001705.jpg,21,Sedang
seq_001706.jpg,26,Sedang
seq_001707.jpg,27,Sedang
seq_001708.jpg,26,Sedang
seq_001709.jpg,30,Sedang
seq_001710.jpg,29,Sedang
seq_001711.jpg,28,Sedang
seq_001712.jpg,27,Sedang
seq_001713.jpg,28,Sedang
seq_001714.jpg,31,Ramai
seq_001715.jpg,37,Ramai
seq_001716.jpg,33,Ramai
seq_001717.jpg,33,Ramai
seq_001718.jpg,34,Ramai
seq_001719.jpg,31,Ramai
seq_001720.jpg,31,Ramai
seq_001721.jpg,37,Ramai
seq_001722.jpg,29,Sedang
seq_001723.jpg,29,Sedang
seq_001724.jpg,33,Ramai
seq_001725.jpg,24,Sedang
seq_001726.jpg,24,Sedang
seq_001727.jpg,25,Sedang
seq_001728.jpg,25,Sedang
seq_001729.jpg,31,Ramai
seq_001730.jpg,33,Ramai
seq_001731.jpg,29,Sedang
seq_001732.jpg,30,Sedang
seq_001733.jpg,26,Sedang
seq_001734.jpg,24,Sedang
seq_001735.jpg,24,Sedang
seq_001736.jpg,25,Sedang
seq_001737.jpg,29,Sedang
seq_001738.jpg,25,Sedang
seq_001739.jpg,26,Sedang
seq_001740.jpg,32,Ramai
seq_001741.jpg,31,Ramai
seq_001742.jpg,31,Ramai
seq_001743.jpg,30,Sedang
seq_001744.jpg,32,Ramai
seq_001745.jpg,29,Sedang
seq_001746.jpg,31,Ramai
seq_001747.jpg,36,Ramai
seq_001748.jpg,32,Ramai
seq_001749.jpg,30,Sedang
seq_001750.jpg,30,Sedang
seq_001751.jpg,30,Sedang
seq_001752.jpg,29,Sedang
seq_001753.jpg,27,Sedang
seq_001754.jpg,26,Sedang
seq_001755.jpg,31,Ramai
seq_001756.jpg,31,Ramai
seq_001757.jpg,34,Ramai
seq_001758.jpg,37,Ramai
seq_001759.jpg,37,Ramai
seq_001760.jpg,36,Ramai
seq_001761.jpg,37,Ramai
seq_001762.jpg,36,Ramai
seq_001763.jpg,34,Ramai
seq_001764.jpg,30,Sedang
seq_001765.jpg,29,Sedang
seq_001766.jpg,30,Sedang
seq_001767.jpg,29,Sedang
seq_001768.jpg,34,Ramai
seq_001769.jpg,32,Ramai
seq_001770.jpg,36,Ramai
seq_001771.jpg,35,Ramai
seq_001772.jpg,35,Ramai
seq_001773.jpg,32,Ramai
seq_001774.jpg,31,Ramai
seq_001775.jpg,29,Sedang
seq_001776.jpg,30,Sedang
seq_001777.jpg,32,Ramai
seq_001778.jpg,33,Ramai
seq_001779.jpg,37,Ramai
seq_001780.jpg,29,Sedang
seq_001781.jpg,31,Ramai
seq_001782.jpg,31,Ramai
seq_001783.jpg,31,Ramai
seq_001784.jpg,30,Sedang
seq_001785.jpg,35,Ramai
seq_001786.jpg,35,Ramai
seq_001787.jpg,32,Ramai
seq_001788.jpg,32,Ramai
seq_001789.jpg,29,Sedang
seq_001790.jpg,30,Sedang
seq_001791.jpg,27,Sedang
seq_001792.jpg,31,Ramai
seq_001793.jpg,34,Ramai
seq_001794.jpg,32,Ramai
seq_001795.jpg,38,Ramai
seq_001796.jpg,34,Ramai
seq_001797.jpg,37,Ramai
seq_001798.jpg,35,Ramai
seq_001799.jpg,40,Ramai
seq_001800.jpg,39,Ramai
seq_001801.jpg,37,Ramai
seq_001802.jpg,37,Ramai
seq_001803.jpg,40,Ramai
seq_001804.jpg,41,Ramai
seq_001805.jpg,39,Ramai
seq_001806.jpg,39,Ramai
seq_001807.jpg,41,Ramai
seq_001808.jpg,44,Ramai
seq_001809.jpg,39,Ramai
seq_001810.jpg,42,Ramai
seq_001811.jpg,40,Ramai
seq_001812.jpg,43,Ramai
seq_001813.jpg,47,Ramai
seq_001814.jpg,39,Ramai
seq_001815.jpg,35,Ramai
seq_001816.jpg,33,Ramai
seq_001817.jpg,34,Ramai
seq_001818.jpg,30,Sedang
seq_001819.jpg,31,Ramai
seq_001820.jpg,30,Sedang
seq_001821.jpg,29,Sedang
seq_001822.jpg,33,Ramai
seq_001823.jpg,36,Ramai
seq_001824.jpg,34,Ramai
seq_001825.jpg,29,Sedang
seq_001826.jpg,29,Sedang
seq_001827.jpg,27,Sedang
seq_001828.jpg,26,Sedang
seq_001829.jpg,23,Sedang
seq_001830.jpg,26,Sedang
seq_001831.jpg,31,Ramai
seq_001832.jpg,35,Ramai
seq_001833.jpg,35,Ramai
seq_001834.jpg,37,Ramai
seq_001835.jpg,43,Ramai
seq_001836.jpg,38,Ramai
seq_001837.jpg,34,Ramai
seq_001838.jpg,31,Ramai
seq_001839.jpg,34,Ramai
seq_001840.jpg,37,Ramai
seq_001841.jpg,33,Ramai
seq_001842.jpg,40,Ramai
seq_001843.jpg,38,Ramai
seq_001844.jpg,38,Ramai
seq_001845.jpg,43,Ramai
seq_001846.jpg,38,Ramai
seq_001847.jpg,40,Ramai
seq_001848.jpg,43,Ramai
seq_001849.jpg,38,Ramai
seq_001850.jpg,35,Ramai
seq_001851.jpg,36,Ramai
seq_001852.jpg,30,Sedang
seq_001853.jpg,32,Ramai
seq_001854.jpg,34,Ramai
seq_001855.jpg,37,Ramai
seq_001856.jpg,34,Ramai
seq_001857.jpg,33,Ramai
seq_001858.jpg,30,Sedang
seq_001859.jpg,34,Ramai
seq_001860.jpg,31,Ramai
seq_001861.jpg,31,Ramai
seq_001862.jpg,31,Ramai
seq_001863.jpg,36,Ramai
seq_001864.jpg,30,Sedang
seq_001865.jpg,25,Sedang
seq_001866.jpg,28,Sedang
seq_001867.jpg,30,Sedang
seq_001868.jpg,30,Sedang
seq_001869.jpg,28,Sedang
seq_001870.jpg,29,Sedang
seq_001871.jpg,27,Sedang
seq_001872.jpg,29,Sedang
seq_001873.jpg,29,Sedang
seq_001874.jpg,28,Sedang
seq_001875.jpg,28,Sedang
seq_001876.jpg,28,Sedang
seq_001877.jpg,26,Sedang
seq_001878.jpg,25,Sedang
seq_001879.jpg,27,Sedang
seq_001880.jpg,28,Sedang
seq_001881.jpg,29,Sedang
seq_001882.jpg,28,Sedang
seq_001883.jpg,33,Ramai
seq_001884.jpg,32,Ramai
seq_001885.jpg,30,Sedang
seq_001886.jpg,30,Sedang
seq_001887.jpg,28,Sedang
seq_001888.jpg,28,Sedang
seq_001889.jpg,30,Sedang
seq_001890.jpg,28,Sedang
seq_001891.jpg,25,Sedang
seq_001892.jpg,28,Sedang
seq_001893.jpg,25,Sedang
seq_001894.jpg,26,Sedang
seq_001895.jpg,29,Sedang
seq_001896.jpg,28,Sedang
seq_001897.jpg,30,Sedang
seq_001898.jpg,26,Sedang
seq_001899.jpg,31,Ramai
seq_001900.jpg,28,Sedang
seq_001901.jpg,36,Ramai
seq_001902.jpg,33,Ramai
seq_001903.jpg,32,Ramai
seq_001904.jpg,31,Ramai
seq_001905.jpg,26,Sedang
seq_001906.jpg,29,Sedang
seq_001907.jpg,30,Sedang
seq_001908.jpg,32,Ramai
seq_001909.jpg,27,Sedang
seq_001910.jpg,29,Sedang
seq_001911.jpg,31,Ramai
seq_001912.jpg,31,Ramai
seq_001913.jpg,33,Ramai
seq_001914.jpg,33,Ramai
seq_001915.jpg,31,Ramai
seq_001916.jpg,32,Ramai
seq_001917.jpg,33,Ramai
seq_001918.jpg,37,Ramai
seq_001919.jpg,38,Ramai
seq_001920.jpg,37,Ramai
seq_001921.jpg,37,Ramai
seq_001922.jpg,27,Sedang
seq_001923.jpg,32,Ramai
seq_001924.jpg,26,Sedang
seq_001925.jpg,24,Sedang
seq_001926.jpg,27,Sedang
seq_001927.jpg,32,Ramai
seq_001928.jpg,27,Sedang
seq_001929.jpg,29,Sedang
seq_001930.jpg,27,Sedang
seq_001931.jpg,29,Sedang
seq_001932.jpg,29,Sedang
seq_001933.jpg,30,Sedang
seq_001934.jpg,31,Ramai
seq_001935.jpg,27,Sedang
seq_001936.jpg,28,Sedang
seq_001937.jpg,29,Sedang
seq_001938.jpg,24,Sedang
seq_001939.jpg,22,Sedang
seq_001940.jpg,28,Sedang
seq_001941.jpg,23,Sedang
seq_001942.jpg,22,Sedang
seq_001943.jpg,24,Sedang
seq_001944.jpg,24,Sedang
seq_001945.jpg,28,Sedang
seq_001946.jpg,28,Sedang
seq_001947.jpg,30,Sedang
seq_001948.jpg,27,Sedang
seq_001949.jpg,28,Sedang
seq_001950.jpg,28,Sedang
seq_001951.jpg,31,Ramai
seq_001952.jpg,31,Ramai
seq_001953.jpg,31,Ramai
seq_001954.jpg,30,Sedang
seq_001955.jpg,26,Sedang
seq_001956.jpg,25,Sedang
seq_001957.jpg,25,Sedang
seq_001958.jpg,28,Sedang
seq_001959.jpg,29,Sedang
seq_001960.jpg,29,Sedang
seq_001961.jpg,28,Sedang
seq_001962.jpg,33,Ramai
seq_001963.jpg,33,Ramai
seq_001964.jpg,33,Ramai
seq_001965.jpg,33,Ramai
seq_001966.jpg,28,Sedang
seq_001967.jpg,29,Sedang
seq_001968.jpg,26,Sedang
seq_001969.jpg,25,Sedang
seq_001970.jpg,31,Ramai
seq_001971.jpg,28,Sedang
seq_001972.jpg,29,Sedang
seq_001973.jpg,26,Sedang
seq_001974.jpg,27,Sedang
seq_001975.jpg,30,Sedang
seq_001976.jpg,25,Sedang
seq_001977.jpg,28,Sedang
seq_001978.jpg,30,Sedang
seq_001979.jpg,29,Sedang
seq_001980.jpg,29,Sedang
seq_001981.jpg,28,Sedang
seq_001982.jpg,32,Ramai
seq_001983.jpg,33,Ramai
seq_001984.jpg,34,Ramai
seq_001985.jpg,34,Ramai
seq_001986.jpg,33,Ramai
seq_001987.jpg,28,Sedang
seq_001988.jpg,27,Sedang
seq_001989.jpg,25,Sedang
seq_001990.jpg,26,Sedang
seq_001991.jpg,26,Sedang
seq_001992.jpg,23,Sedang
seq_001993.jpg,26,Sedang
seq_001994.jpg,25,Sedang
seq_001995.jpg,24,Sedang
seq_001996.jpg,24,Sedang
seq_001997.jpg,23,Sedang
seq_001998.jpg,22,Sedang
seq_001999.jpg,23,Sedang
seq_002000.jpg,24,Sedang
